<?xml version='1.0' encoding='UTF-8'?>
<?artifactRepository class='org.eclipse.equinox.internal.p2.artifact.repository.simple.SimpleArtifactRepository' version='1.0.0'?>
<repository name='Subclipse 1.8.x Artifacts' type='org.eclipse.equinox.p2.artifact.repository.simpleRepository' version='1'>
  <properties size='3'>
    <property name='publishPackFilesAsSiblings' value='true'/>
    <property name='p2.compressed' value='false'/>
    <property name='p2.timestamp' value='1323109688076'/>
  </properties>
  <mappings size='4'>
    <rule filter='(&amp; (classifier=osgi.bundle) (format=packed))' output='${repoUrl}/plugins/${id}_${version}.jar.pack.gz'/>
    <rule filter='(&amp; (classifier=osgi.bundle))' output='${repoUrl}/plugins/${id}_${version}.jar'/>
    <rule filter='(&amp; (classifier=binary))' output='${repoUrl}/binary/${id}_${version}'/>
    <rule filter='(&amp; (classifier=org.eclipse.update.feature))' output='${repoUrl}/features/${id}_${version}.jar'/>
  </mappings>
  <artifacts size='17'>
    <artifact classifier='org.eclipse.update.feature' id='org.tigris.subversion.clientadapter.feature' version='1.8.0'>
      <properties size='2'>
        <property name='artifact.size' value='2769'/>
        <property name='download.size' value='2769'/>
      </properties>
    </artifact>
    <artifact classifier='org.eclipse.update.feature' id='org.tigris.subversion.subclipse' version='1.8.4'>
      <properties size='2'>
        <property name='artifact.size' value='21231'/>
        <property name='download.size' value='21231'/>
      </properties>
    </artifact>
    <artifact classifier='osgi.bundle' id='org.tigris.subversion.subclipse.core' version='1.8.4'>
      <properties size='3'>
        <property name='artifact.size' value='313713'/>
        <property name='download.size' value='313713'/>
        <property name='download.contentType' value='application/zip'/>
      </properties>
    </artifact>
    <artifact classifier='osgi.bundle' id='org.tigris.subversion.subclipse.graph' version='1.1.1'>
      <properties size='3'>
        <property name='artifact.size' value='124486'/>
        <property name='download.size' value='124486'/>
        <property name='download.contentType' value='application/zip'/>
      </properties>
    </artifact>
    <artifact classifier='osgi.bundle' id='com.collabnet.subversion.merge' version='3.0.5'>
      <properties size='3'>
        <property name='artifact.size' value='452733'/>
        <property name='download.size' value='452733'/>
        <property name='download.contentType' value='application/zip'/>
      </properties>
    </artifact>
    <artifact classifier='osgi.bundle' id='org.tigris.subversion.subclipse.ui' version='1.8.4'>
      <properties size='3'>
        <property name='artifact.size' value='2026622'/>
        <property name='download.size' value='2026622'/>
        <property name='download.contentType' value='application/zip'/>
      </properties>
    </artifact>
    <artifact classifier='osgi.bundle' id='org.tigris.subversion.clientadapter' version='1.8.0'>
      <properties size='3'>
        <property name='artifact.size' value='83847'/>
        <property name='download.size' value='83847'/>
        <property name='download.contentType' value='application/zip'/>
      </properties>
    </artifact>
    <artifact classifier='osgi.bundle' id='org.tigris.subversion.subclipse.mylyn' version='3.0.0'>
      <properties size='3'>
        <property name='artifact.size' value='17722'/>
        <property name='download.size' value='17722'/>
        <property name='download.contentType' value='application/zip'/>
      </properties>
    </artifact>
    <artifact classifier='osgi.bundle' id='org.tigris.subversion.clientadapter.javahl.win32' version='1.7.2'>
      <properties size='3'>
        <property name='artifact.size' value='3194128'/>
        <property name='download.size' value='3194128'/>
        <property name='download.contentType' value='application/zip'/>
      </properties>
    </artifact>
    <artifact classifier='org.eclipse.update.feature' id='org.tigris.subversion.clientadapter.javahl.feature' version='1.7.2'>
      <properties size='2'>
        <property name='artifact.size' value='2872'/>
        <property name='download.size' value='2872'/>
      </properties>
    </artifact>
    <artifact classifier='osgi.bundle' id='org.tigris.subversion.clientadapter.javahl' version='1.7.2'>
      <properties size='3'>
        <property name='artifact.size' value='167244'/>
        <property name='download.size' value='167244'/>
        <property name='download.contentType' value='application/zip'/>
      </properties>
    </artifact>
    <artifact classifier='org.eclipse.update.feature' id='org.tigris.subversion.subclipse.graph.feature' version='1.1.1'>
      <properties size='2'>
        <property name='artifact.size' value='2912'/>
        <property name='download.size' value='2912'/>
      </properties>
    </artifact>
    <artifact classifier='osgi.bundle' id='org.tigris.subversion.subclipse.tools.usage' version='1.1.0'>
      <properties size='3'>
        <property name='artifact.size' value='77889'/>
        <property name='download.size' value='77889'/>
        <property name='download.contentType' value='application/zip'/>
      </properties>
    </artifact>
    <artifact classifier='org.eclipse.update.feature' id='org.tigris.subversion.subclipse.mylyn' version='3.0.0'>
      <properties size='2'>
        <property name='artifact.size' value='3805'/>
        <property name='download.size' value='3805'/>
      </properties>
    </artifact>
    <artifact classifier='osgi.bundle' id='org.tigris.subversion.clientadapter.javahl.win64' version='1.7.2'>
      <properties size='3'>
        <property name='artifact.size' value='3201417'/>
        <property name='download.size' value='3201417'/>
        <property name='download.contentType' value='application/zip'/>
      </properties>
    </artifact>
    <artifact classifier='osgi.bundle' id='org.tigris.subversion.subclipse.doc' version='1.3.0'>
      <properties size='3'>
        <property name='artifact.size' value='2342932'/>
        <property name='download.size' value='2342932'/>
        <property name='download.contentType' value='application/zip'/>
      </properties>
    </artifact>
    <artifact classifier='org.eclipse.update.feature' id='com.collabnet.subversion.merge.feature' version='3.0.5'>
      <properties size='2'>
        <property name='artifact.size' value='19138'/>
        <property name='download.size' value='19138'/>
      </properties>
    </artifact>
  </artifacts>
</repository>
