<?xml version="1.0" encoding="UTF-8"?>
<site>
   <description url="http://subclipse.tigris.org/update_1.8.x">
      Eclipse Install/Update site for Subclipse
   </description>
   <feature url="features/org.tigris.subversion.subclipse.mylyn_3.0.0.jar" id="org.tigris.subversion.subclipse.mylyn" version="3.0.0">
      <category name="Subclipse"/>
   </feature>
   <feature url="features/com.collabnet.subversion.merge.feature_3.0.5.jar" id="com.collabnet.subversion.merge.feature" version="3.0.5">
      <category name="Subclipse"/>
   </feature>
   <feature url="features/org.tigris.subversion.clientadapter.feature_1.8.0.jar" id="org.tigris.subversion.clientadapter.feature" version="1.8.0">
      <category name="Subclipse"/>
   </feature>
   <feature url="features/org.tigris.subversion.clientadapter.javahl.feature_1.7.2.jar" id="org.tigris.subversion.clientadapter.javahl.feature" version="1.7.2">
      <category name="Subclipse"/>
   </feature>
   <feature url="features/org.tigris.subversion.subclipse_1.8.4.jar" id="org.tigris.subversion.subclipse" version="1.8.4">
      <category name="Subclipse"/>
   </feature>
   <feature url="features/org.tigris.subversion.subclipse.graph.feature_1.1.1.jar" id="org.tigris.subversion.subclipse.graph.feature" version="1.1.1">
      <category name="Subclipse"/>
   </feature>
   <category-def name="Subclipse" label="Subclipse">
      <description>
         Subversion 1.7 plug-in for Eclipse 3.2 and higher.
      </description>
   </category-def>
</site>
